{"results":{"ASK":{"0.9999999999999999":{"0.0":0.0,"1.0":0.4714285714285714,"2.0":0.5571428571428572,"4.0":0.5857142857142857,"8.0":0.6,"9.0":0.6285714285714286,"5.0":0.5857142857142857,"10.0":0.6,"3.0":0.5857142857142857,"6.0":0.6,"7.0":0.6},"0.8999999999999999":{"0.0":0.0,"1.0":0.5,"2.0":0.5571428571428572,"4.0":0.5857142857142857,"8.0":0.6,"9.0":0.6285714285714286,"5.0":0.5857142857142857,"10.0":0.6285714285714286,"3.0":0.5571428571428572,"6.0":0.6,"7.0":0.6},"0.7999999999999999":{"0.0":0.0,"1.0":0.44285714285714284,"2.0":0.5571428571428572,"4.0":0.5857142857142857,"8.0":0.6,"9.0":0.6285714285714286,"5.0":0.6,"10.0":0.6285714285714286,"3.0":0.5857142857142857,"6.0":0.6,"7.0":0.6},"0.7":{"0.0":0.0,"1.0":0.44285714285714284,"2.0":0.5571428571428572,"4.0":0.5857142857142857,"8.0":0.6,"9.0":0.6285714285714286,"5.0":0.6,"10.0":0.6285714285714286,"3.0":0.5571428571428572,"6.0":0.6,"7.0":0.6},"0.6":{"0.0":0.0,"1.0":0.5,"2.0":0.5571428571428572,"4.0":0.5857142857142857,"8.0":0.6,"9.0":0.6285714285714286,"5.0":0.5857142857142857,"10.0":0.6285714285714286,"3.0":0.5571428571428572,"6.0":0.6,"7.0":0.6},"0.5":{"0.0":0.0,"1.0":0.5,"2.0":0.5571428571428572,"4.0":0.5857142857142857,"8.0":0.6,"9.0":0.6285714285714286,"5.0":0.6,"10.0":0.6285714285714286,"3.0":0.5857142857142857,"6.0":0.6,"7.0":0.6},"0.0":{"0.0":0.0,"1.0":0.5,"2.0":0.5571428571428572,"4.0":0.5857142857142857,"8.0":0.6,"9.0":0.6285714285714286,"5.0":0.6,"10.0":0.6285714285714286,"3.0":0.5571428571428572,"6.0":0.6,"7.0":0.6},"0.4":{"0.0":0.0,"1.0":0.4714285714285714,"2.0":0.5571428571428572,"4.0":0.5857142857142857,"8.0":0.6,"9.0":0.6285714285714286,"5.0":0.5857142857142857,"10.0":0.6285714285714286,"3.0":0.5571428571428572,"6.0":0.6,"7.0":0.6},"0.2":{"0.0":0.0,"1.0":0.4714285714285714,"2.0":0.5571428571428572,"4.0":0.5857142857142857,"8.0":0.6,"9.0":0.6285714285714286,"5.0":0.6,"10.0":0.6285714285714286,"3.0":0.5571428571428572,"6.0":0.6,"7.0":0.6},"0.1":{"0.0":0.0,"1.0":0.5,"2.0":0.5571428571428572,"4.0":0.5857142857142857,"8.0":0.6,"9.0":0.6285714285714286,"5.0":0.6,"10.0":0.6285714285714286,"3.0":0.5857142857142857,"6.0":0.6,"7.0":0.6},"0.30000000000000004":{"0.0":0.0,"1.0":0.44285714285714284,"2.0":0.5571428571428572,"4.0":0.5857142857142857,"8.0":0.6,"9.0":0.6285714285714286,"5.0":0.6,"10.0":0.6285714285714286,"3.0":0.5571428571428572,"6.0":0.6,"7.0":0.6}},"PSK":{"0.9999999999999999":{"0.0":0.0,"1.0":0.0,"2.0":0.0,"4.0":0.0,"8.0":0.0,"9.0":0.0,"5.0":0.0,"10.0":0.0,"3.0":0.0,"6.0":0.0,"7.0":0.0},"0.8999999999999999":{"0.0":0.0,"1.0":0.0,"2.0":0.0,"4.0":0.0,"8.0":0.0,"9.0":0.0,"5.0":0.0,"10.0":0.0,"3.0":0.0,"6.0":0.0,"7.0":0.0},"0.7999999999999999":{"0.0":0.0,"1.0":0.0,"2.0":0.0,"4.0":0.0,"8.0":0.0,"9.0":0.0,"5.0":0.0,"10.0":0.0,"3.0":0.0,"6.0":0.0,"7.0":0.0},"0.7":{"0.0":0.0,"1.0":0.0,"2.0":0.0,"4.0":0.0,"8.0":0.0,"9.0":0.0,"5.0":0.0,"10.0":0.0,"3.0":0.0,"6.0":0.0,"7.0":0.0},"0.6":{"0.0":0.0,"1.0":0.0,"2.0":0.0,"4.0":0.0,"8.0":0.0,"9.0":0.0,"5.0":0.0,"10.0":0.0,"3.0":0.0,"6.0":0.0,"7.0":0.0},"0.5":{"0.0":0.0,"1.0":0.0,"2.0":0.0,"4.0":0.0,"8.0":0.0,"9.0":0.0,"5.0":0.0,"10.0":0.0,"3.0":0.0,"6.0":0.0,"7.0":0.0},"0.0":{"0.0":0.0,"1.0":0.0,"2.0":0.0,"4.0":0.0,"8.0":0.0,"9.0":0.0,"5.0":0.0,"10.0":0.0,"3.0":0.0,"6.0":0.0,"7.0":0.0},"0.4":{"0.0":0.0,"1.0":0.0,"2.0":0.0,"4.0":0.0,"8.0":0.0,"9.0":0.0,"5.0":0.0,"10.0":0.0,"3.0":0.0,"6.0":0.0,"7.0":0.0},"0.2":{"0.0":0.0,"1.0":0.0,"2.0":0.0,"4.0":0.0,"8.0":0.0,"9.0":0.0,"5.0":0.0,"10.0":0.0,"3.0":0.0,"6.0":0.0,"7.0":0.0},"0.1":{"0.0":0.0,"1.0":0.0,"2.0":0.0,"4.0":0.0,"8.0":0.0,"9.0":0.0,"5.0":0.0,"10.0":0.0,"3.0":0.0,"6.0":0.0,"7.0":0.0},"0.30000000000000004":{"0.0":0.0,"1.0":0.0,"2.0":0.0,"4.0":0.0,"8.0":0.0,"9.0":0.0,"5.0":0.0,"10.0":0.0,"3.0":0.0,"6.0":0.0,"7.0":0.0}},"FSK":{"0.9999999999999999":{"0.0":0.0,"1.0":0.0,"2.0":0.0,"4.0":0.0,"8.0":0.0,"9.0":0.0,"5.0":0.0,"10.0":0.0,"3.0":0.0,"6.0":0.0,"7.0":0.0},"0.8999999999999999":{"0.0":0.0,"1.0":0.0,"2.0":0.0,"4.0":0.0,"8.0":0.0,"9.0":0.0,"5.0":0.0,"10.0":0.0,"3.0":0.0,"6.0":0.0,"7.0":0.0},"0.7999999999999999":{"0.0":0.0,"1.0":0.0,"2.0":0.0,"4.0":0.0,"8.0":0.0,"9.0":0.0,"5.0":0.0,"10.0":0.0,"3.0":0.0,"6.0":0.0,"7.0":0.0},"0.7":{"0.0":0.0,"1.0":0.0,"2.0":0.0,"4.0":0.0,"8.0":0.0,"9.0":0.0,"5.0":0.0,"10.0":0.0,"3.0":0.0,"6.0":0.0,"7.0":0.0},"0.6":{"0.0":0.0,"1.0":0.0,"2.0":0.0,"4.0":0.0,"8.0":0.0,"9.0":0.0,"5.0":0.0,"10.0":0.0,"3.0":0.0,"6.0":0.0,"7.0":0.0},"0.5":{"0.0":0.0,"1.0":0.0,"2.0":0.0,"4.0":0.0,"8.0":0.0,"9.0":0.0,"5.0":0.0,"10.0":0.0,"3.0":0.0,"6.0":0.0,"7.0":0.0},"0.0":{"0.0":0.0,"1.0":0.0,"2.0":0.0,"4.0":0.0,"8.0":0.0,"9.0":0.0,"5.0":0.0,"10.0":0.0,"3.0":0.0,"6.0":0.0,"7.0":0.0},"0.4":{"0.0":0.0,"1.0":0.0,"2.0":0.0,"4.0":0.0,"8.0":0.0,"9.0":0.0,"5.0":0.0,"10.0":0.0,"3.0":0.0,"6.0":0.0,"7.0":0.0},"0.2":{"0.0":0.0,"1.0":0.0,"2.0":0.0,"4.0":0.0,"8.0":0.0,"9.0":0.0,"5.0":0.0,"10.0":0.0,"3.0":0.0,"6.0":0.0,"7.0":0.0},"0.1":{"0.0":0.0,"1.0":0.0,"2.0":0.0,"4.0":0.0,"8.0":0.0,"9.0":0.0,"5.0":0.0,"10.0":0.0,"3.0":0.0,"6.0":0.0,"7.0":0.0},"0.30000000000000004":{"0.0":0.0,"1.0":0.0,"2.0":0.0,"4.0":0.0,"8.0":0.0,"9.0":0.0,"5.0":0.0,"10.0":0.0,"3.0":0.0,"6.0":0.0,"7.0":0.0}}}}