{"results":{"ASK":{"0.9999999999999999":{"0.0":0.0,"1.0":0.5142857142857142,"2.0":0.5571428571428572,"4.0":0.5857142857142857,"8.0":0.6,"9.0":0.6285714285714286,"5.0":0.6,"10.0":0.6428571428571429,"3.0":0.5571428571428572,"6.0":0.6,"7.0":0.6},"0.8999999999999999":{"0.0":0.0,"1.0":0.4857142857142857,"2.0":0.5571428571428572,"4.0":0.5857142857142857,"8.0":0.6285714285714286,"9.0":0.6285714285714286,"5.0":0.5857142857142857,"10.0":0.6285714285714286,"3.0":0.5857142857142857,"6.0":0.6,"7.0":0.6},"0.7999999999999999":{"0.0":0.0,"1.0":0.44285714285714284,"2.0":0.5571428571428572,"4.0":0.5857142857142857,"8.0":0.6,"9.0":0.6,"5.0":0.6,"10.0":0.6,"3.0":0.5857142857142857,"6.0":0.6,"7.0":0.6},"0.7":{"0.0":0.0,"1.0":0.4714285714285714,"2.0":0.5571428571428572,"4.0":0.5857142857142857,"8.0":0.6,"9.0":0.6285714285714286,"5.0":0.6,"10.0":0.6285714285714286,"3.0":0.5571428571428572,"6.0":0.6,"7.0":0.6},"0.6":{"0.0":0.0,"1.0":0.44285714285714284,"2.0":0.5571428571428572,"4.0":0.5857142857142857,"8.0":0.6,"9.0":0.6,"5.0":0.5857142857142857,"10.0":0.6285714285714286,"3.0":0.5571428571428572,"6.0":0.6,"7.0":0.6},"0.5":{"0.0":0.0,"1.0":0.4714285714285714,"2.0":0.5571428571428572,"4.0":0.5857142857142857,"8.0":0.6,"9.0":0.6,"5.0":0.6,"10.0":0.6285714285714286,"3.0":0.5857142857142857,"6.0":0.6,"7.0":0.6},"0.0":{"0.0":0.0,"1.0":0.5,"2.0":0.5571428571428572,"4.0":0.5857142857142857,"8.0":0.6,"9.0":0.6285714285714286,"5.0":0.6,"10.0":0.6285714285714286,"3.0":0.5571428571428572,"6.0":0.6,"7.0":0.6},"0.4":{"0.0":0.0,"1.0":0.5,"2.0":0.5571428571428572,"4.0":0.5857142857142857,"8.0":0.6285714285714286,"9.0":0.6285714285714286,"5.0":0.6,"10.0":0.6285714285714286,"3.0":0.5857142857142857,"6.0":0.6,"7.0":0.6},"0.2":{"0.0":0.0,"1.0":0.44285714285714284,"2.0":0.5571428571428572,"4.0":0.5857142857142857,"8.0":0.6,"9.0":0.6285714285714286,"5.0":0.6,"10.0":0.6285714285714286,"3.0":0.5571428571428572,"6.0":0.6,"7.0":0.6},"0.1":{"0.0":0.0,"1.0":0.5,"2.0":0.5571428571428572,"4.0":0.5857142857142857,"8.0":0.6,"9.0":0.6285714285714286,"5.0":0.5857142857142857,"10.0":0.6285714285714286,"3.0":0.5571428571428572,"6.0":0.6,"7.0":0.6},"0.30000000000000004":{"0.0":0.0,"1.0":0.5,"2.0":0.5571428571428572,"4.0":0.5857142857142857,"8.0":0.6,"9.0":0.6285714285714286,"5.0":0.5857142857142857,"10.0":0.6285714285714286,"3.0":0.5857142857142857,"6.0":0.6,"7.0":0.6}},"PSK":{"0.9999999999999999":{"0.0":0.0,"1.0":0.0,"2.0":0.0,"4.0":0.014285714285714285,"8.0":0.2857142857142857,"9.0":0.12857142857142856,"5.0":0.07142857142857142,"10.0":0.2571428571428571,"3.0":0.0,"6.0":0.11428571428571428,"7.0":0.17142857142857143},"0.8999999999999999":{"0.0":0.0,"1.0":0.0,"2.0":0.0,"4.0":0.0,"8.0":0.2714285714285714,"9.0":0.24285714285714285,"5.0":0.014285714285714285,"10.0":0.2714285714285714,"3.0":0.0,"6.0":0.07142857142857142,"7.0":0.15714285714285714},"0.7999999999999999":{"0.0":0.0,"1.0":0.0,"2.0":0.0,"4.0":0.0,"8.0":0.21428571428571427,"9.0":0.21428571428571427,"5.0":0.02857142857142857,"10.0":0.22857142857142856,"3.0":0.0,"6.0":0.07142857142857142,"7.0":0.12857142857142856},"0.7":{"0.0":0.0,"1.0":0.0,"2.0":0.0,"4.0":0.0,"8.0":0.2,"9.0":0.21428571428571427,"5.0":0.07142857142857142,"10.0":0.14285714285714285,"3.0":0.0,"6.0":0.08571428571428572,"7.0":0.14285714285714285},"0.6":{"0.0":0.0,"1.0":0.0,"2.0":0.0,"4.0":0.0,"8.0":0.12857142857142856,"9.0":0.22857142857142856,"5.0":0.014285714285714285,"10.0":0.18571428571428572,"3.0":0.0,"6.0":0.05714285714285714,"7.0":0.1},"0.5":{"0.0":0.0,"1.0":0.0,"2.0":0.0,"4.0":0.0,"8.0":0.15714285714285714,"9.0":0.2,"5.0":0.0,"10.0":0.21428571428571427,"3.0":0.0,"6.0":0.0,"7.0":0.05714285714285714},"0.0":{"0.0":0.0,"1.0":0.0,"2.0":0.0,"4.0":0.0,"8.0":0.0,"9.0":0.0,"5.0":0.0,"10.0":0.0,"3.0":0.0,"6.0":0.0,"7.0":0.0},"0.4":{"0.0":0.0,"1.0":0.0,"2.0":0.0,"4.0":0.0,"8.0":0.15714285714285714,"9.0":0.18571428571428572,"5.0":0.0,"10.0":0.3,"3.0":0.0,"6.0":0.0,"7.0":0.1},"0.2":{"0.0":0.0,"1.0":0.0,"2.0":0.0,"4.0":0.0,"8.0":0.12857142857142856,"9.0":0.14285714285714285,"5.0":0.0,"10.0":0.24285714285714285,"3.0":0.0,"6.0":0.014285714285714285,"7.0":0.08571428571428572},"0.1":{"0.0":0.0,"1.0":0.0,"2.0":0.0,"4.0":0.0,"8.0":0.02857142857142857,"9.0":0.18571428571428572,"5.0":0.0,"10.0":0.17142857142857143,"3.0":0.0,"6.0":0.0,"7.0":0.0},"0.30000000000000004":{"0.0":0.0,"1.0":0.0,"2.0":0.0,"4.0":0.0,"8.0":0.11428571428571428,"9.0":0.15714285714285714,"5.0":0.0,"10.0":0.2,"3.0":0.0,"6.0":0.02857142857142857,"7.0":0.04285714285714286}},"FSK":{"0.9999999999999999":{"0.0":0.0,"1.0":0.0,"2.0":0.0,"4.0":0.0,"8.0":0.22857142857142856,"9.0":0.3142857142857143,"5.0":0.12857142857142856,"10.0":0.42857142857142855,"3.0":0.0,"6.0":0.14285714285714285,"7.0":0.24285714285714285},"0.8999999999999999":{"0.0":0.0,"1.0":0.0,"2.0":0.0,"4.0":0.0,"8.0":0.22857142857142856,"9.0":0.2571428571428571,"5.0":0.04285714285714286,"10.0":0.2571428571428571,"3.0":0.0,"6.0":0.08571428571428572,"7.0":0.14285714285714285},"0.7999999999999999":{"0.0":0.0,"1.0":0.0,"2.0":0.0,"4.0":0.014285714285714285,"8.0":0.22857142857142856,"9.0":0.22857142857142856,"5.0":0.07142857142857142,"10.0":0.3,"3.0":0.0,"6.0":0.08571428571428572,"7.0":0.22857142857142856},"0.7":{"0.0":0.0,"1.0":0.0,"2.0":0.0,"4.0":0.0,"8.0":0.2714285714285714,"9.0":0.2,"5.0":0.0,"10.0":0.2571428571428571,"3.0":0.0,"6.0":0.14285714285714285,"7.0":0.17142857142857143},"0.6":{"0.0":0.0,"1.0":0.0,"2.0":0.0,"4.0":0.04285714285714286,"8.0":0.14285714285714285,"9.0":0.24285714285714285,"5.0":0.02857142857142857,"10.0":0.21428571428571427,"3.0":0.0,"6.0":0.05714285714285714,"7.0":0.15714285714285714},"0.5":{"0.0":0.0,"1.0":0.0,"2.0":0.0,"4.0":0.0,"8.0":0.21428571428571427,"9.0":0.3,"5.0":0.05714285714285714,"10.0":0.24285714285714285,"3.0":0.0,"6.0":0.08571428571428572,"7.0":0.1},"0.0":{"0.0":0.0,"1.0":0.0,"2.0":0.0,"4.0":0.0,"8.0":0.0,"9.0":0.0,"5.0":0.0,"10.0":0.0,"3.0":0.0,"6.0":0.0,"7.0":0.0},"0.4":{"0.0":0.0,"1.0":0.0,"2.0":0.0,"4.0":0.0,"8.0":0.18571428571428572,"9.0":0.2714285714285714,"5.0":0.0,"10.0":0.21428571428571427,"3.0":0.0,"6.0":0.02857142857142857,"7.0":0.18571428571428572},"0.2":{"0.0":0.0,"1.0":0.0,"2.0":0.0,"4.0":0.0,"8.0":0.14285714285714285,"9.0":0.08571428571428572,"5.0":0.0,"10.0":0.15714285714285714,"3.0":0.0,"6.0":0.0,"7.0":0.1},"0.1":{"0.0":0.0,"1.0":0.0,"2.0":0.0,"4.0":0.0,"8.0":0.02857142857142857,"9.0":0.17142857142857143,"5.0":0.0,"10.0":0.18571428571428572,"3.0":0.0,"6.0":0.014285714285714285,"7.0":0.014285714285714285},"0.30000000000000004":{"0.0":0.0,"1.0":0.0,"2.0":0.0,"4.0":0.0,"8.0":0.05714285714285714,"9.0":0.18571428571428572,"5.0":0.0,"10.0":0.2571428571428571,"3.0":0.0,"6.0":0.07142857142857142,"7.0":0.07142857142857142}}}}